year_month,total_posts,positive_posts,negative_posts,positive_rate,negative_rate,posts_with_any_topic,share_posts_with_any_topic
2017-01,8729,4858,3871,0.5565356856455493,0.44346431435445066,3876,0.44403711765379766
2017-02,8040,4432,3608,0.5512437810945273,0.4487562189054726,3711,0.4615671641791045
2017-03,8004,4317,3687,0.5393553223388305,0.4606446776611694,3940,0.49225387306346824
2017-04,7189,3806,3383,0.5294199471414661,0.4705800528585339,3476,0.4835164835164835
2017-05,7305,3659,3646,0.500889801505818,0.4991101984941821,3561,0.48747433264887063
2017-06,7693,3964,3729,0.5152736253737163,0.48472637462628365,3614,0.4697777200051995
2017-07,7904,4092,3812,0.5177125506072875,0.48228744939271256,3703,0.46849696356275305
2017-08,8119,4095,4024,0.50437245966252,0.49562754033747997,3953,0.48688262101243995
2017-09,7748,4022,3726,0.519101703665462,0.48089829633453796,3818,0.49277232834279816
2017-10,8709,4663,4046,0.5354231255023539,0.4645768744976461,4545,0.5218739235273855
2017-11,8171,4440,3731,0.5433851425774079,0.4566148574225921,4083,0.4996940398971974
2017-12,6999,3634,3365,0.5192170310044292,0.48078296899557077,3422,0.4889269895699386
2018-01,8282,4410,3872,0.5324800772760203,0.46751992272397974,4053,0.48937454721081863
2018-02,7837,3925,3912,0.5008293990047212,0.4991706009952788,3973,0.50695419165497
2018-03,9063,4546,4517,0.5015999117290081,0.49840008827099197,4784,0.5278605318327265
2018-04,8898,4604,4294,0.5174196448640144,0.48258035513598563,4328,0.4864014385255114
2018-05,9257,4752,4505,0.5133412552662849,0.486658744733715,4640,0.5012423031219617
2018-06,9102,4680,4422,0.5141727092946605,0.4858272907053395,4235,0.46528235552625796
2018-07,9040,4573,4467,0.5058628318584071,0.4941371681415929,4245,0.46957964601769914
2018-08,9923,4768,5155,0.48049984883603747,0.5195001511639625,4944,0.4982364204373677
2018-09,9017,4699,4318,0.5211267605633803,0.4788732394366197,4412,0.4892979926804924
2018-10,10619,5805,4814,0.5466616442226199,0.4533383557773802,5243,0.4937376400791035
2018-11,9759,5264,4495,0.5393995286402296,0.46060047135977045,4814,0.4932882467465929
2018-12,8845,4808,4037,0.543583945732052,0.456416054267948,3992,0.4513284341435839
2019-01,10569,5614,4955,0.5311760809915791,0.46882391900842085,4893,0.46295770650014195
2019-02,9864,5321,4543,0.5394363341443633,0.4605636658556367,4815,0.48813868613138683
2019-03,11056,5988,5068,0.5416063675832128,0.45839363241678727,5129,0.463910998552822
2019-04,10953,5519,5434,0.5038802154660823,0.49611978453391764,5368,0.49009403816306035
2019-05,11401,5688,5713,0.4989036049469345,0.5010963950530655,5573,0.4888167704587317
2019-06,10804,5299,5505,0.49046649389115143,0.5095335061088486,5217,0.4828767123287671
2019-07,11069,5322,5747,0.48080224049146264,0.5191977595085373,5566,0.5028457855271479
2019-08,12861,5986,6875,0.4654381463338776,0.5345618536661224,7303,0.5678407588834461
2019-09,11400,5949,5451,0.5218421052631579,0.4781578947368421,5552,0.4870175438596491
2019-10,12457,6645,5812,0.5334350164566107,0.46656498354338927,6183,0.4963474351770089
2019-11,11135,6064,5071,0.544589133363269,0.455410866636731,5582,0.5013022002694207
2019-12,10097,5608,4489,0.5554124987620085,0.44458750123799146,4880,0.48331187481430127
2020-01,12317,6658,5659,0.5405537062596412,0.45944629374035884,5809,0.47162458390841927
2020-02,12769,7094,5675,0.5555642571853708,0.44443574281462916,5802,0.4543817056934764
2020-03,11830,6602,5228,0.558072696534235,0.44192730346576503,5248,0.44361792054099747
2020-04,10293,5528,4765,0.5370640240940445,0.4629359759059555,4599,0.44680851063829785
2020-05,12010,7091,4919,0.5904246461282264,0.4095753538717735,4748,0.39533721898417984
2020-06,11347,6141,5206,0.5412003172644752,0.4587996827355248,4844,0.4268969771745836
2020-07,13086,7148,5938,0.5462326150084059,0.4537673849915941,5753,0.43963013907993276
2020-08,13552,7311,6241,0.5394775678866588,0.4605224321133412,6441,0.47528040141676503
2020-09,13522,7091,6431,0.5244046738648129,0.4755953261351871,7052,0.521520485135335
2020-10,14336,7708,6628,0.5376674107142857,0.4623325892857143,7724,0.5387834821428571
2020-11,12600,6846,5754,0.5433333333333333,0.45666666666666667,6799,0.5396031746031746
2020-12,12752,6869,5883,0.5386606022584692,0.46133939774153077,6635,0.520310539523212
2021-01,13670,7163,6507,0.5239941477688369,0.47600585223116315,7095,0.5190197512801755
2021-02,13627,7050,6577,0.5173552506054158,0.4826447493945843,7349,0.5392969839289645
2021-03,14445,7300,7145,0.5053651782623745,0.49463482173762546,7559,0.5232952578746971
2021-04,14273,7201,7072,0.5045190219295173,0.49548097807048275,7489,0.5246969803124781
2021-05,14788,7232,7556,0.4890451717608872,0.5109548282391128,7657,0.5177846902894239
2021-06,14680,6908,7772,0.4705722070844687,0.5294277929155313,7884,0.5370572207084469
2021-07,14888,7105,7783,0.4772299838796346,0.5227700161203654,7123,0.47843901128425576
2021-08,16028,7420,8608,0.4629398552533067,0.5370601447466933,7695,0.4800973296730721
2021-09,16144,5638,10506,0.3492319127849356,0.6507680872150644,6771,0.41941278493557976
2021-10,17078,5369,11709,0.3143810750673381,0.6856189249326619,6953,0.4071319826677597
2021-11,16965,6400,10565,0.3772472737989979,0.6227527262010021,7604,0.44821691718243445
2021-12,15373,5977,9396,0.3887985428998894,0.6112014571001105,6795,0.44200871658101865
2022-01,17867,7483,10384,0.41881681311915825,0.5811831868808418,8041,0.45004757373929594
2022-02,16700,7417,9283,0.4441317365269461,0.5558682634730538,7624,0.45652694610778444
2022-03,18578,10080,8498,0.5425772418990203,0.45742275810097965,9092,0.48939605985574336
2022-04,16850,9069,7781,0.538219584569733,0.46178041543026704,8137,0.4829080118694362
2022-05,16602,8611,7991,0.5186724491025178,0.48132755089748225,8166,0.4918684495843874
2022-06,16563,8398,8165,0.5070337499245305,0.4929662500754694,8050,0.48602306345468815
2022-07,16956,8656,8300,0.5104977589054022,0.4895022410945978,8320,0.4906817645671149
2022-08,18581,9729,8852,0.5235993757063667,0.4764006242936333,9198,0.49502179645874816
2022-09,17167,9385,7782,0.5466884138172075,0.45331158618279255,8489,0.49449525251936854
2022-10,18001,10100,7901,0.5610799400033332,0.43892005999666683,8987,0.499250041664352
2022-11,16360,9130,7230,0.5580684596577017,0.4419315403422983,7969,0.48710268948655255
2022-12,14420,8051,6369,0.5583217753120666,0.44167822468793344,6708,0.4651872399445215
2023-01,16029,8271,7758,0.5160022459292533,0.48399775407074674,7891,0.49229521492295214
2023-02,14502,7463,7039,0.5146186732864433,0.48538132671355677,7144,0.49262170735071026
2023-03,16521,8354,8167,0.5056594637128503,0.4943405362871497,8301,0.5024514254585074
2023-04,15180,7979,7201,0.5256258234519104,0.4743741765480896,7279,0.4795125164690382
2023-05,16090,8166,7924,0.5075201988812927,0.49247980111870726,7801,0.4848353014294593
2023-06,13784,6330,7454,0.4592280905397562,0.5407719094602438,7703,0.5588363319791062
2023-07,17379,7285,10094,0.4191840727314575,0.5808159272685425,10554,0.6072846538926291
2023-08,20377,8558,11819,0.41998331452127396,0.580016685478726,12556,0.6161849143642342
2023-09,17961,7745,10216,0.4312120705974055,0.5687879294025945,11094,0.6176716218473359
2023-10,19012,8318,10694,0.4375131495897328,0.5624868504102672,11825,0.6219755943614559
2023-11,18051,8013,10038,0.4439089247133123,0.5560910752866877,11289,0.6253947149742397
2023-12,16704,7124,9580,0.42648467432950193,0.5735153256704981,10131,0.6065014367816092
2024-01,21876,9409,12467,0.43010605229475224,0.5698939477052477,13044,0.596269884805266
2024-02,20704,8872,11832,0.428516228748068,0.571483771251932,12513,0.6043759659969088
2024-03,21377,9659,11718,0.4518407634373392,0.5481592365626609,12432,0.5815596201525004
2024-04,20606,9217,11389,0.447296903814423,0.552703096185577,11572,0.5615840046588372
2024-05,20097,8108,11989,0.40344329999502415,0.5965567000049758,12227,0.6083992635716774
2024-06,18782,7910,10872,0.4211479075710787,0.5788520924289213,10849,0.5776275157065275
2024-07,18922,7764,11158,0.4103160342458514,0.5896839657541486,11365,0.6006236127259275
2024-08,20817,8516,12301,0.4090887255608397,0.5909112744391603,12527,0.6017677859441802
2024-09,20235,8760,11475,0.4329132690882135,0.5670867309117865,12123,0.599110452186805
2024-10,21105,9546,11559,0.4523098791755508,0.5476901208244492,12823,0.6075811419095001
2024-11,18303,8457,9846,0.4620554007539748,0.5379445992460252,10960,0.5988089384253947
2024-12,16670,7629,9041,0.4576484703059388,0.5423515296940612,9720,0.5830833833233353
2025-01,18594,8370,10224,0.45014520813165537,0.5498547918683446,11198,0.6022372808432828
2025-02,17847,7909,9938,0.44315571244466856,0.5568442875553314,10687,0.5988121252871631
2025-03,20556,9057,11499,0.44060128429655576,0.5593987157034442,12255,0.5961762988908348
2025-04,18080,7743,10337,0.4282632743362832,0.5717367256637168,10907,0.6032632743362832
2025-05,18591,8023,10568,0.4315529019417998,0.5684470980582002,11137,0.59905330536281
2025-06,18193,8297,9896,0.4560545264662233,0.5439454735337768,10309,0.5666465123948772
2025-07,19902,9046,10856,0.45452718319766855,0.5454728168023314,10988,0.5521053160486383
2025-08,19416,9072,10344,0.4672435105067985,0.5327564894932015,10564,0.5440873506386485
2025-09,18363,8382,9981,0.45646136252246367,0.5435386374775364,10359,0.5641235092305179
2025-10,18377,8350,10027,0.45437231321760896,0.545627686782391,11023,0.5998258692931382
2025-11,16892,7888,9004,0.46696661141368695,0.533033388586313,9688,0.5735259294340517
2025-12,14982,6847,8135,0.45701508476838876,0.5429849152316113,8771,0.5854358563609665
